{"cameraMode":{"drawMode":0,"name":"Shaded","section":"Shading Mode"},"sceneLighting":false,"audioPlay":false,"sceneViewState":{"showFog":true,"showMaterialUpdate":true,"showSkybox":false,"showFlares":true,"showImageEffects":true,"showParticleSystems":true},"in2DMode":false,"pivot":{"x":0.5045309066772461,"y":0.05427885055541992,"z":-0.06066465377807617},"rotation":{"x":-0.08321937918663025,"y":0.9085502028465271,"z":-0.21830636262893678,"w":-0.3463433086872101},"size":9.426532745361329,"orthographic":false}