{"cameraMode":{"drawMode":0,"name":"Shaded","section":"Shading Mode"},"sceneLighting":true,"audioPlay":false,"sceneViewState":{"showFog":true,"showMaterialUpdate":true,"showSkybox":true,"showFlares":true,"showImageEffects":true,"showParticleSystems":true},"in2DMode":false,"pivot":{"x":607.103271484375,"y":301.82379150390627,"z":-98.59613037109375},"rotation":{"x":-0.030303481966257097,"y":0.009592604823410511,"z":-0.0002907765156123787,"w":-0.9994955658912659},"size":342.7332458496094,"orthographic":false}